{
    "Ridge": 0.9621448080787778,
    "Random Forest": 0.9868179392396688,
    "Gradient Boosting": 0.9880971206219261,
    "HistGradient Boosting": 0.9893820106939193,
    "Extra Trees": 0.986979306507154,
    "XGBoost": 0.9887224918665971,
    "LightGBM": 0.9891197873675435,
    "Lasso": 0.9621412962327257
}